Nom_Article,Article,Date_article,Lien,Support_cours
"BSV Poitou-Charentes : observation des cultures, maladies","Le Bulletin de Santé du Végétal (BSV) pour le Poitou-Charentes fournit des analyses phytosanitaires pour les grandes cultures, basées sur un réseau d'épidémio-surveillance. Il est réalisé par ARVALIS avec la collaboration de la FREDON, et validé par la DRAAF.",18/11/2025,https://www.arvalis.fr/infos-techniques/bulletin-de-sante-du-vegetal-de-poitou-charentes,"# Synthèse : Surveillance et Gestion des Maladies des Cultures en Poitou-Charentes

## Contexte et Objectifs

- **Problème traité** : L'étude s'intéresse à la transmission des virus de la maladie des cultures par les cicadelles, principalement l'espèce _Psammotettix alienus_, un vecteur majeur de maladies.
- **Contexte de l'étude** : Elle se déroule dans la région Poitou-Charentes, sans durée précisée, probablement dans le cadre d'un dispositif de surveillance agricole par ARVALIS, un institut technique agricole européen impliqué dans la recherche et développement.
- **Objectifs précis** : Identifier la présence et l'impact des cicadelles dans les cultures, prévenir la transmission virale et apporter des recommandations aux agriculteurs locaux pour gérer ces vecteurs plus efficacement.

## Méthodologie : Une approche transférable

Le document source ne fournit pas de détails méthodologiques explicites, mais la surveillance des cultures typiquement inclut :
1. **Observations directes** : Inspection des cultures pour détecter la présence de cicadelles.
2. **Collecte et analyse de données** : Utilisation de capteurs ou d'autres technologies pour enregistrer les paramètres environnementaux et la prévalence des insectes.
3. **Tests virologiques** : Identification des virus transmis par les cicadelles via des analyses de laboratoire.

**Aspects innovants potentiels** :
- L'utilisation de réseaux d'observation et d'expérimentation pour améliorer la détection et la prévision.
- Emploi d'outils d'aide à la décision pour personnaliser les interventions.

## Résultats Clés et Leviers d'Action

- **Impact de la Cicadelle (_Psammotettix alienus_)** : Cette espèce est un vecteur clé des virus dans les cultures, ce qui entraîne une augmentation des maladies et par conséquent, une baisse de rendement.
- **Importance de la Surveillance** : Une **surveillance accrue** permet de détecter précocement les épidémies potentielles, limitant ainsi leur impact économique et agronomique.
- **Gestion Intégrée des Cultures** : Combiner diverses stratégies de lutte (rotation des cultures, choix de variétés résistantes, etc.) peut significativement réduire la transmission virale.

## Conditions de Réplication et Mise en Place Ailleurs

- **Données nécessaires** : Pour répéter ce type de surveillance, il faut des informations précises sur le climat local, la composition des populations de cicadelles, et les caractéristiques spécifiques des cultures locales.
- **Limites** : L'absence de données précises peut limiter la réplicabilité. De plus, les variabilités régionales en matière de climat et de pratiques agricoles doivent être prises en compte.
- **Adaptation locale** : Adaptez le modèle aux conditions locales, en tenant compte des différences climatiques, des ressources disponibles et des pratiques culturales en usage.

## Conclusions Opérationnelles

1. **Surveillez régulièrement les cultures** pour détecter l'apparition de cicadelles et intervenir rapidement.
2. **Adoptez des pratiques culturales diversifiées**, incluant la rotation et l'utilisation de variétés résistantes, pour atténuer la propagation des virus.
3. **Intégrez des outils de prévision** et de soutien à la décision pour optimiser les interventions et améliorer la gestion des cultures.
4. Établissez des **collaborations régionales** pour partager les données et améliorer l'efficacité des interventions.

Cet ensemble de recommandations offre une approche durable et proactive de la gestion des maladies végétales, indispensable pour les agriculteurs de la région Poitou-Charentes et potentiellement au-delà."